{
  "HTTP Request-1" : {
    "transaction" : "HTTP Request-1",
    "sampleCount" : 750,
    "errorCount" : 0,
    "errorPct" : 0.0,
    "meanResTime" : 56.03333333333331,
    "medianResTime" : 45.0,
    "minResTime" : 31.0,
    "maxResTime" : 2329.0,
    "pct1ResTime" : 63.0,
    "pct2ResTime" : 72.0,
    "pct3ResTime" : 303.680000000003,
    "throughput" : 5.078273116299226,
    "receivedKBytesPerSec" : 60.858732545552115,
    "sentKBytesPerSec" : 0.793480174421754
  },
  "Total" : {
    "transaction" : "Total",
    "sampleCount" : 2250,
    "errorCount" : 0,
    "errorPct" : 0.0,
    "meanResTime" : 70.28,
    "medianResTime" : 46.0,
    "minResTime" : 20.0,
    "maxResTime" : 4568.0,
    "pct1ResTime" : 83.0,
    "pct2ResTime" : 96.0,
    "pct3ResTime" : 519.8999999999978,
    "throughput" : 15.136531514258612,
    "receivedKBytesPerSec" : 124.64705077297222,
    "sentKBytesPerSec" : 3.1534440654705445
  },
  "Transaction Controller 2" : {
    "transaction" : "Transaction Controller 2",
    "sampleCount" : 500,
    "errorCount" : 0,
    "errorPct" : 0.0,
    "meanResTime" : 92.02799999999992,
    "medianResTime" : 75.0,
    "minResTime" : 57.0,
    "maxResTime" : 2040.0,
    "pct1ResTime" : 101.90000000000003,
    "pct2ResTime" : 111.94999999999999,
    "pct3ResTime" : 537.8700000000001,
    "throughput" : 5.032459362890645,
    "receivedKBytesPerSec" : 62.15581712986261,
    "sentKBytesPerSec" : 1.5726435509033263
  },
  "HTTP Request-0" : {
    "transaction" : "HTTP Request-0",
    "sampleCount" : 750,
    "errorCount" : 0,
    "errorPct" : 0.0,
    "meanResTime" : 49.31200000000002,
    "medianResTime" : 28.0,
    "minResTime" : 20.0,
    "maxResTime" : 2729.0,
    "pct1ResTime" : 38.0,
    "pct2ResTime" : 43.0,
    "pct3ResTime" : 684.7800000000038,
    "throughput" : 5.046868586271172,
    "receivedKBytesPerSec" : 1.857924498425377,
    "sentKBytesPerSec" : 0.7885732166048706
  },
  "Transaction Controller" : {
    "transaction" : "Transaction Controller",
    "sampleCount" : 250,
    "errorCount" : 0,
    "errorPct" : 0.0,
    "meanResTime" : 132.4279999999999,
    "medianResTime" : 70.5,
    "minResTime" : 54.0,
    "maxResTime" : 4568.0,
    "pct1ResTime" : 96.0,
    "pct2ResTime" : 108.0,
    "pct3ResTime" : 2760.830000000008,
    "throughput" : 5.06801273084798,
    "receivedKBytesPerSec" : 62.61456480341179,
    "sentKBytesPerSec" : 1.5837539783899937
  },
  "HTTP Request" : {
    "transaction" : "HTTP Request",
    "sampleCount" : 750,
    "errorCount" : 0,
    "errorPct" : 0.0,
    "meanResTime" : 105.49466666666656,
    "medianResTime" : 73.0,
    "minResTime" : 54.0,
    "maxResTime" : 4568.0,
    "pct1ResTime" : 99.0,
    "pct2ResTime" : 110.44999999999993,
    "pct3ResTime" : 1279.9400000000019,
    "throughput" : 5.045510504752871,
    "receivedKBytesPerSec" : 62.32352538648611,
    "sentKBytesPerSec" : 1.5767220327352722
  }
}